Ward name,Old code,New code,Employment rate (16-64) - 2011,% detached houses - 2011,% semi-detached houses - 2011,% terraced houses - 2011,"% Flat, maisonette or apartment - 2011",% with Level 4 qualifications and above - 2011,Cars per household - 2011
City of London,00AA,E09000001,79.6,0.4,0.2,1.4,98,68.4,0.4
Barking and Dagenham - Abbey,00ABFX,E05000026,60.3,3.9,7.2,22.6,66.3,34.5,0.5
Barking and Dagenham - Alibon,00ABFY,E05000027,63.1,3.8,18.2,63.8,14.2,16.7,0.8
Barking and Dagenham - Becontree,00ABFZ,E05000028,61.2,4.2,24.7,52,19.1,20.6,0.9
Barking and Dagenham - Chadwell Heath,00ABGA,E05000029,63.6,3.8,29.6,32.2,34.5,19.5,0.9
Barking and Dagenham - Eastbrook,00ABGB,E05000030,68.2,3.2,32.6,45.5,18.4,18.5,1.1
Barking and Dagenham - Eastbury,00ABGC,E05000031,61.5,5,21,52.5,21.5,20,0.8
Barking and Dagenham - Gascoigne,00ABGD,E05000032,56.4,2.2,6.8,19.5,71.4,25.2,0.5
Barking and Dagenham - Goresbrook,00ABGE,E05000033,63.6,4.8,17.4,62.5,15.3,18.8,0.8
Barking and Dagenham - Heath,00ABGF,E05000034,61.4,2.9,18.9,41.9,36.4,17.6,0.7
Barking and Dagenham - Longbridge,00ABGG,E05000035,65.2,3.9,23.1,50.4,22.5,25,1.1
Barking and Dagenham - Mayesbrook,00ABGH,E05000036,61.9,4.8,21.8,58,15.5,16.2,0.8
Barking and Dagenham - Parsloes,00ABGJ,E05000037,61.5,4.1,19.8,63.4,12.6,16,0.8
Barking and Dagenham - River,00ABGK,E05000038,64.2,4.7,19,61.9,14.3,19.5,0.8
Barking and Dagenham - Thames,00ABGL,E05000039,60.5,3.7,15.7,35.3,45.2,24.4,0.7
Barking and Dagenham - Valence,00ABGM,E05000040,63.1,4.3,21.5,60.9,13.3,17.8,0.8
Barking and Dagenham - Village,00ABGN,E05000041,61.7,4.6,20.3,26.2,48.9,17.9,0.8
Barking and Dagenham - Whalebone,00ABGP,E05000042,67.5,4.1,18.4,49.7,27.8,22.4,1
Barnet - Brunswick Park,00ACFX,E05000043,71.4,6,47.6,27.7,18.8,34.4,1.3
Barnet - Burnt Oak,00ACFY,E05000044,63.7,3.8,19.8,38.3,38.1,24.7,0.8
Barnet - Childs Hill,00ACFZ,E05000045,67.9,9.3,24.5,10.2,56,43.7,0.8
Barnet - Colindale,00ACGA,E05000046,61.9,2.6,20.8,16.7,60,30.8,0.8
Barnet - Coppetts,00ACGB,E05000047,71.5,4.6,22.1,20.3,53,40.6,1
Barnet - East Barnet,00ACGC,E05000048,71.5,10.1,37.2,17.8,34.8,36.5,1.2
Barnet - East Finchley,00ACGD,E05000049,74.9,2.9,14.4,25.7,56.9,49.6,0.8
Barnet - Edgware,00ACGE,E05000050,69,19,37,7.2,36.7,36,1.2
Barnet - Finchley Church End,00ACGF,E05000051,72.6,13.7,26,5.2,55.2,48.6,1.2
Barnet - Garden Suburb,00ACGG,E05000052,73.1,18.4,30.1,12.8,38.8,57.3,1.2
Barnet - Golders Green,00ACGH,E05000053,66.7,11.2,39.5,11.9,37.3,37.4,1
Barnet - Hale,00ACGJ,E05000054,70.7,11.3,49.2,15.4,24.1,36.5,1.2
Barnet - Hendon,00ACGK,E05000055,66.7,10.9,22.4,8.2,58.4,41.3,1
Barnet - High Barnet,00ACGL,E05000056,74.5,19.7,25.6,15.5,38.9,44.3,1.2
Barnet - Mill Hill,00ACGM,E05000057,70.5,19.6,35.6,11.4,33.5,41.6,1.3
Barnet - Oakleigh,00ACGN,E05000058,73.4,16.3,35.5,8.3,39.9,40.7,1.3
Barnet - Totteridge,00ACGP,E05000059,71.6,20.6,35.9,10.7,32.8,47,1.3
Barnet - Underhill,00ACGQ,E05000060,68.3,10.4,36.5,21,30,31.8,1.1
Barnet - West Finchley,00ACGR,E05000061,74.2,3.7,24.1,17.1,55,49.5,0.9
Barnet - West Hendon,00ACGS,E05000062,67.2,14.8,21.4,17.5,46.4,34.4,0.9
Barnet - Woodhouse,00ACGT,E05000063,72,4,25.5,22.7,47.8,41.3,1
Bexley - Barnehurst,00ADGA,E05000064,75.8,6.5,54.8,22.2,16.5,20.1,1.3
Bexley - Belvedere,00ADGB,E05000065,70.4,5.7,25.8,31.8,36.7,21.9,1
Bexley - Blackfen and Lamorbey,00ADGC,E05000066,77.3,7,50.4,34.7,7.9,19.3,1.3
Bexley - Blendon and Penhill,00ADGD,E05000067,78.2,8.9,46.8,34.2,10.1,19.6,1.4
Bexley - Brampton,00ADGE,E05000068,76.6,6.6,73,10.8,9.7,20.7,1.3
Bexley - Christchurch,00ADGF,E05000069,77,12.9,46.9,18.2,22,24.9,1.2
Bexley - Colyers,00ADGG,E05000070,70.2,4.3,50.7,17.7,27.2,18.1,1.1
Bexley - Crayford,00ADGH,E05000071,73.2,5.6,40.9,29.2,24.3,18.6,1.1
Bexley - Cray Meadows,00ADGJ,E05000072,71.4,6.5,44.4,17.6,31.3,22.2,1.2
Bexley - Danson Park,00ADGK,E05000073,75,9.1,46.4,22.8,21.7,21.6,1.2
Bexley - East Wickham,00ADGL,E05000074,73.5,3.1,59.3,21.6,16,18.8,1.2
Bexley - Erith,00ADGM,E05000075,67.6,6.8,19.9,29.2,44,22.6,1
Bexley - Falconwood and Welling,00ADGN,E05000076,76.2,3,58,29.5,9.5,19.6,1.3
Bexley - Lesnes Abbey,00ADGP,E05000077,69.7,7.1,40.6,25.9,26.4,22.5,1.1
Bexley - Longlands,00ADGQ,E05000078,75.4,9.4,39.4,11.8,39.5,27.1,1.2
Bexley - North End,00ADGR,E05000079,63.3,2.9,27.5,36.4,33.1,19.5,0.9
Bexley - Northumberland Heath,00ADGS,E05000080,73.6,4.5,56.1,29,10.4,17.8,1.3
Bexley - St. Mary's,00ADGT,E05000081,77.3,23.2,38.2,26.2,12.3,27,1.4
Bexley - St. Michael's,00ADGU,E05000082,75.9,1.8,82.3,8.2,7.7,19.1,1.4
Bexley - Sidcup,00ADGW,E05000083,74,14,31.8,19,35.3,27.2,1.2
Bexley - Thamesmead East,00ADGX,E05000084,62.6,3.1,13.1,40.4,43.3,28.2,0.8
Brent - Alperton,00AEGJ,E05000085,67.4,6.1,23.8,32,37.8,26.2,0.9
Brent - Barnhill,00AEGK,E05000086,64.2,17,27.8,9.6,45.5,34.7,1
Brent - Brondesbury Park,00AEGL,E05000087,71.8,8.4,16.6,6.8,68.2,45,0.7
Brent - Dollis Hill,00AEGM,E05000088,61.5,7.3,30.1,27.5,35.2,25.1,0.9
Brent - Dudden Hill,00AEGN,E05000089,65.9,4.8,29.5,21.6,44,31.7,0.8
Brent - Fryent,00AEGP,E05000090,66.5,5.3,44.4,12.9,37.4,29,1.1
Brent - Harlesden,00AEGQ,E05000091,59.3,4,8.6,15.8,71.4,21.4,0.5
Brent - Kensal Green,00AEGR,E05000092,68.8,2.8,10.1,23.4,63.6,33.8,0.6
Brent - Kenton,00AEGS,E05000093,70.3,18.1,57,4.3,20.5,39.8,1.4
Brent - Kilburn,00AEGT,E05000094,68.9,1.1,2.5,10.2,86.1,39.9,0.4
Brent - Mapesbury,00AEGU,E05000095,70.6,5.9,11.3,7.9,75,43.7,0.6
Brent - Northwick Park,00AEGW,E05000096,67.4,15,46.3,6.3,32.4,40.3,1.3
Brent - Preston,00AEGX,E05000097,67,6.9,45.2,9.6,38.3,35.4,1
Brent - Queens Park,00AEGY,E05000098,75.8,1.8,8.1,26.7,63.4,48.2,0.7
Brent - Queensbury,00AEGZ,E05000099,67.7,5.6,45.4,23,26.1,30.8,1.2
Brent - Stonebridge,00AEHA,E05000100,54.2,5.3,15.3,24.1,55.1,20.5,0.6
Brent - Sudbury,00AEHB,E05000101,67.4,9.9,25,20.8,44.3,32.3,0.9
Brent - Tokyngton,00AEHC,E05000102,67.5,4.5,37.5,16.1,41.9,31.9,0.9
Brent - Welsh Harp,00AEHD,E05000103,64.9,7,30.5,23.3,39.2,24.7,0.9
Brent - Wembley Central,00AEHE,E05000104,65.6,6.7,28.2,19.8,45.2,29,0.8
Brent - Willesden Green,00AEHF,E05000105,68.6,3.3,7.1,16.1,73.3,33.3,0.5
Bromley - Bickley,00AFGD,E05000106,76,37,21.5,17.8,23.7,40.7,1.4
Bromley - Biggin Hill,00AFGE,E05000107,79.2,36.8,27.3,22.8,13,23,1.7
Bromley - Bromley Common and Keston,00AFGF,E05000108,73.2,20.4,33.3,26.1,20.3,28.3,1.3
Bromley - Bromley Town,00AFGG,E05000109,78.6,8.8,25.2,21,45.1,41,1
Bromley - Chelsfield and Pratts Bottom,00AFGH,E05000110,77.3,33.1,40.5,18.4,8,33.2,1.5
Bromley - Chislehurst,00AFGJ,E05000111,75.1,35.5,20.8,20.8,23,38,1.4
Bromley - Clock House,00AFGK,E05000112,77.7,3.5,20.6,34.1,41.9,38.3,1
Bromley - Copers Cope,00AFGL,E05000113,79.5,10.2,6.7,12.7,70.3,45,1
Bromley - Cray Valley East,00AFGM,E05000114,69.3,8.6,39.2,29.6,22.1,19.6,1
Bromley - Cray Valley West,00AFGN,E05000115,67.4,11.4,44.3,26.8,17.6,18.7,1.1
Bromley - Crystal Palace,00AFGP,E05000116,69.5,2.5,5.7,9.5,82.2,38.1,0.6
Bromley - Darwin,00AFGQ,E05000117,75,55.8,20.2,11.9,6.3,26.9,1.7
Bromley - Farnborough and Crofton,00AFGR,E05000118,75.1,35.4,32.2,19.4,13,31,1.3
Bromley - Hayes and Coney Hall,00AFGS,E05000119,76.3,18.6,58.6,9.2,13.6,31.8,1.4
Bromley - Kelsey and Eden Park,00AFGT,E05000120,75.5,11,24.4,42.2,22.4,33.8,1.3
Bromley - Mottingham and Chislehurst North,00AFGU,E05000121,67.9,6.8,25.4,44,23.9,22.1,1
Bromley - Orpington,00AFGW,E05000122,72.8,20.5,50.2,10.3,19,27.1,1.2
Bromley - Penge and Cator,00AFGX,E05000123,70.4,3.3,20.4,24,52.4,36.5,0.8
Bromley - Petts Wood and Knoll,00AFGY,E05000124,75.4,30,53.4,7.6,9,36,1.4
Bromley - Plaistow and Sundridge,00AFGZ,E05000125,73.5,11.3,25,29.7,33.9,34.1,1
Bromley - Shortlands,00AFHA,E05000126,76.3,33.4,19,11.7,36,43.3,1.3
Bromley - West Wickham,00AFHB,E05000127,76.8,18.6,46.7,18.4,15.8,32.5,1.4
Camden - Belsize,00AGGD,E05000128,74.4,1,3.6,8,87.3,62.2,0.6
Camden - Bloomsbury,00AGGE,E05000129,51.4,0.4,0.4,2.8,96.3,46.5,0.2
Camden - Camden Town with Primrose Hill,00AGGF,E05000130,69.4,1,3.5,15.7,79.7,53.9,0.5
Camden - Cantelowes,00AGGG,E05000131,64.3,1.2,6.3,9.9,82.5,48.1,0.4
Camden - Fortune Green,00AGGH,E05000132,74.6,2.9,7.9,11.3,77.9,57.8,0.6
Camden - Frognal and Fitzjohns,00AGGJ,E05000133,69.8,7.6,7.5,4.6,80.3,61.4,0.8
Camden - Gospel Oak,00AGGK,E05000134,65.5,1.1,4.1,13.2,81.6,45.6,0.5
Camden - Hampstead Town,00AGGL,E05000135,76.6,3.6,10.6,14.5,71.2,68.3,0.7
Camden - Haverstock,00AGGM,E05000136,62.9,0.8,2.8,9.7,86.7,43.1,0.4
Camden - Highgate,00AGGN,E05000137,70.4,7.7,9.4,13.9,69.1,55.8,0.7
Camden - Holborn and Covent Garden,00AGGP,E05000138,61.9,0.3,0.7,3.1,95.9,46.2,0.3
Camden - Kentish Town,00AGGQ,E05000139,71.3,1,5.4,16.7,76.9,54.6,0.4
Camden - Kilburn,00AGGR,E05000140,66.8,0.8,2,5,92.2,43.8,0.4
Camden - King's Cross,00AGGS,E05000141,46.1,0.9,0.9,3.4,94.8,39.7,0.2
Camden - Regent's Park,00AGGT,E05000142,54.4,0.8,1.9,7.7,89.4,36.1,0.4
Camden - St. Pancras and Somers Town,00AGGU,E05000143,53,0.6,1.5,5,92.7,29.5,0.3
Camden - Swiss Cottage,00AGGW,E05000144,72.3,2.7,3.3,5,89,60.4,0.6
Camden - West Hampstead,00AGGX,E05000145,76.2,1.3,3.2,9.6,85.8,60.6,0.5
Croydon - Addiscombe,00AHGE,E05000146,74.1,3.4,13.6,35.7,47.2,38,0.7
Croydon - Ashburton,00AHGF,E05000147,71.7,10.8,36.8,34.4,18,27.3,1.1
Croydon - Bensham Manor,00AHGG,E05000148,67.5,4.3,14.1,49.1,32.5,29.4,0.8
Croydon - Broad Green,00AHGH,E05000149,64.6,4.8,18.1,34.1,42.9,26.9,0.7
Croydon - Coulsdon East,00AHGJ,E05000150,73.9,33.7,40.1,15.4,10.7,30.3,1.4
Croydon - Coulsdon West,00AHGK,E05000151,75.5,34.8,36.3,17.3,11.6,34.9,1.5
Croydon - Croham,00AHGL,E05000152,76.5,18.9,15.8,16.2,49.1,42.1,1
Croydon - Fairfield,00AHGM,E05000153,73.1,9.1,7,14.5,69.4,45.9,0.6
Croydon - Fieldway,00AHGN,E05000154,58.5,2.8,25.7,37.1,34.4,12.5,0.8
Croydon - Heathfield,00AHGP,E05000155,74.3,13.3,30.8,29.2,26.8,29.3,1.3
Croydon - Kenley,00AHGQ,E05000156,75,33.7,29.3,12.4,24.7,36.1,1.3
Croydon - New Addington,00AHGR,E05000157,64.4,2.6,50.2,21.8,25.2,12.8,1
Croydon - Norbury,00AHGS,E05000158,69.5,8.9,29.2,36,25.9,34.1,1
Croydon - Purley,00AHGT,E05000159,74.1,28,23.6,14.7,33.7,40.5,1.2
Croydon - Sanderstead,00AHGU,E05000160,74.9,37.8,44.7,5.2,12.2,35,1.5
Croydon - Selhurst,00AHGW,E05000161,64.7,4.4,16.3,26.7,52.7,28.4,0.6
Croydon - Selsdon and Ballards,00AHGX,E05000162,76.4,24.4,57.6,11.7,6.3,32,1.5
Croydon - Shirley,00AHGY,E05000163,72.3,15.5,42.3,16.9,25.3,27.1,1.2
Croydon - South Norwood,00AHGZ,E05000164,68.7,3.8,12.7,19.1,64.5,35,0.7
Croydon - Thornton Heath,00AHHA,E05000165,66.8,4.3,19.7,38.1,37.8,28.3,0.7
Croydon - Upper Norwood,00AHHB,E05000166,69.7,9.5,28,18,44.6,35.2,0.9
Croydon - Waddon,00AHHC,E05000167,69.9,5.9,24.5,23.5,46.1,30.1,0.8
Croydon - West Thornton,00AHHD,E05000168,64.6,5.4,19.1,45.3,30.1,27.3,0.8
Croydon - Woodside,00AHHE,E05000169,69,3.7,16.1,45,35.2,29,0.8
Ealing - Acton Central,00AJGC,E05000170,69.4,3.6,23.4,12.9,60.1,40.4,0.7
Ealing - Cleveland,00AJGD,E05000171,68.6,4.1,22.7,22.1,51.1,46.2,0.9
Ealing - Dormers Wells,00AJGE,E05000172,61,5.3,26.9,27.1,40.6,24.4,1
Ealing - Ealing Broadway,00AJGF,E05000173,75.1,10.4,12.1,7.3,70.1,57.7,0.8
Ealing - Ealing Common,00AJGG,E05000174,74.6,8.7,18.3,15.7,57.3,52.6,0.9
Ealing - East Acton,00AJGH,E05000175,68.3,3.5,20.1,16.2,59.9,38.3,0.7
Ealing - Elthorne,00AJGJ,E05000176,73.1,2.5,15.9,29.5,52,40.6,0.8
Ealing - Greenford Broadway,00AJGK,E05000177,66.4,5,22.1,20.9,51.6,25.8,0.9
Ealing - Greenford Green,00AJGL,E05000178,72.6,4.8,39.1,26.7,29.4,30.2,1.1
Ealing - Hanger Hill,00AJGM,E05000179,71.9,11.4,20.7,19.7,48.2,50.8,1
Ealing - Hobbayne,00AJGN,E05000180,70.6,4.8,26,33,36.2,33.3,0.9
Ealing - Lady Margaret,00AJGP,E05000181,66.6,6.7,26.4,54.8,12.2,25.4,1.3
Ealing - Northfield,00AJGQ,E05000182,78.6,2.9,17.8,45.3,34,54.8,0.9
Ealing - North Greenford,00AJGR,E05000183,72.3,4.4,35,40.2,20.2,30.1,1.2
Ealing - Northolt Mandeville,00AJGS,E05000184,67.3,3.7,29.6,25.3,40.8,25.7,0.9
Ealing - Northolt West End,00AJGT,E05000185,61.9,3,26.4,17.4,53.1,21.7,0.9
Ealing - Norwood Green,00AJGU,E05000186,57.3,10.8,26.4,19.7,42.2,26.7,1.1
Ealing - Perivale,00AJGW,E05000187,71.4,3.9,33.3,39.1,23.7,30.8,1.1
Ealing - South Acton,00AJGX,E05000188,68.1,3.7,14.9,8.2,73.2,39.4,0.7
Ealing - Southall Broadway,00AJGY,E05000189,59.1,8.8,21,45.4,24.8,21.9,0.9
Ealing - Southall Green,00AJGZ,E05000190,59.7,8.8,23.1,40.5,27.6,21.6,0.9
Ealing - Southfield,00AJHA,E05000191,77.6,3,12.3,33.6,51.1,57.8,0.8
Ealing - Walpole,00AJHB,E05000192,77.3,4.4,19.6,31.3,44.6,53.7,0.8
Enfield - Bowes,00AKGL,E05000193,71.9,3.4,14.8,36.4,45.5,36.3,0.8
Enfield - Bush Hill Park,00AKGM,E05000194,73,5,32.6,34.3,28,32.6,1.3
Enfield - Chase,00AKGN,E05000195,69.5,9.2,19.8,33.4,37.1,28.1,1.1
Enfield - Cockfosters,00AKGP,E05000196,66.9,21.9,30.1,9.4,38.6,35,1.3
Enfield - Edmonton Green,00AKGQ,E05000197,53.8,4.8,15.6,20.8,58.7,19.5,0.6
Enfield - Enfield Highway,00AKGR,E05000198,60.1,4.5,22,38.8,34.6,18.6,1
Enfield - Enfield Lock,00AKGS,E05000199,62,6.8,20.4,32.6,40.2,23.5,0.9
Enfield - Grange,00AKGT,E05000200,74.8,15.5,32.6,13.5,38.4,39.1,1.3
Enfield - Haselbury,00AKGU,E05000201,59.3,5.9,21.8,40.3,31.9,21.4,0.8
Enfield - Highlands,00AKGW,E05000202,72.9,14.5,34,13.4,38,35.1,1.2
Enfield - Jubilee,00AKGX,E05000203,62.2,5.3,19.9,47.2,27.5,20.9,1
Enfield - Lower Edmonton,00AKGY,E05000204,57.9,6.9,15.1,44.7,33.3,20,0.7
Enfield - Palmers Green,00AKGZ,E05000205,70.2,3.1,19.6,41.4,35.9,33.5,1
Enfield - Ponders End,00AKHA,E05000206,58,5,15.2,34.9,45,21,0.8
Enfield - Southbury,00AKHB,E05000207,65,3.3,14.1,43.4,39.2,25.4,0.9
Enfield - Southgate,00AKHC,E05000208,71.1,7.2,30.7,13.2,49,41.2,1.1
Enfield - Southgate Green,00AKHD,E05000209,70.4,5.2,38.1,20.2,36.4,40,1.1
Enfield - Town,00AKHE,E05000210,75.9,2.7,29.2,36.6,31.5,33,1.2
Enfield - Turkey Street,00AKHF,E05000211,60.9,4.3,26.6,36.1,33.1,17.9,1
Enfield - Upper Edmonton,00AKHG,E05000212,58.4,5.9,16.2,40.4,37.3,21.5,0.8
Enfield - Winchmore Hill,00AKHH,E05000213,75.1,8.7,31,19.9,40.3,42.9,1.2
Greenwich - Abbey Wood,00ALGP,E05000214,63.6,3.1,10.5,48.6,37.5,24.2,0.7
Greenwich - Blackheath Westcombe,00ALGQ,E05000215,75.5,7.8,13.2,12.8,66.3,57.5,0.8
Greenwich - Charlton,00ALGR,E05000216,67.7,3,17.8,31.7,47.5,37.2,0.7
Greenwich - Coldharbour and New Eltham,00ALGS,E05000217,70.7,5.4,55.4,14.6,24.6,23.4,1.1
Greenwich - Eltham North,00ALGT,E05000218,75.1,3.4,34.1,41.7,20.9,31.8,1.1
Greenwich - Eltham South,00ALGU,E05000219,64.9,7.1,28.6,19.8,44.4,25.1,1
Greenwich - Eltham West,00ALGW,E05000220,64,3.1,43.9,38.5,14.5,21.2,0.9
Greenwich - Glyndon,00ALGX,E05000221,62.5,3.4,8.9,36.2,51.5,28.6,0.6
Greenwich - Greenwich West,00ALGY,E05000222,68.6,2,4.9,21.3,71.7,49.9,0.6
Greenwich - Kidbrooke with Hornfair,00ALGZ,E05000223,67.3,4,31,29.4,35.7,30.8,0.9
Greenwich - Middle Park and Sutcliffe,00ALHA,E05000224,65.6,8.5,23,27,41.5,29.6,0.9
Greenwich - Peninsula,00ALHB,E05000225,74.2,1.7,5.8,40.1,52.3,49.5,0.6
Greenwich - Plumstead,00ALHC,E05000226,63.9,5.4,15.1,51.9,27.7,25.2,0.7
Greenwich - Shooters Hill,00ALHD,E05000227,69.5,5.5,27.4,42.9,24.2,31.3,1
Greenwich - Thamesmead Moorings,00ALHE,E05000228,62.9,5.6,14.6,34,45.8,32.4,0.7
Greenwich - Woolwich Common,00ALHF,E05000229,60.5,3.3,7.6,27,62.2,26.7,0.6
Greenwich - Woolwich Riverside,00ALHG,E05000230,64.7,1.4,4.8,16,77.7,35.2,0.5
Hackney - Brownswood,00AMGA,E05000231,72,1.3,4,7.4,87.2,51.7,0.4
Hackney - Cazenove,00AMGB,E05000232,64.8,2,4.7,15.8,77.7,35.6,0.4
Hackney - Chatham,00AMGC,E05000233,63,1.6,2.8,14.2,81.5,37.6,0.4
Hackney - Clissold,00AMGD,E05000234,73.3,1.4,2.8,23.4,72.4,53.5,0.5
Hackney - Dalston,00AMGE,E05000235,70.4,1.8,4,14.9,79.2,48.6,0.4
Hackney - De Beauvoir,00AMGF,E05000236,71.1,1,5.8,11.2,81.9,49.8,0.4
Hackney - Hackney Central,00AMGG,E05000237,66.6,1.6,3.7,11.7,83,42,0.3
Hackney - Hackney Downs,00AMGH,E05000238,65.1,2.1,3.4,14.8,79.6,42.2,0.4
Hackney - Haggerston,00AMGJ,E05000239,67.4,0.9,1.3,4.5,93.3,45.8,0.3
Hackney - Hoxton,00AMGK,E05000240,62.7,0.5,0.7,2.8,95.8,41.7,0.3
Hackney - King's Park,00AMGL,E05000241,57.6,3.9,5.6,26.5,63.9,30.6,0.5
Hackney - Leabridge,00AMGM,E05000242,65.6,2.8,5,25.6,66.6,41.5,0.5
Hackney - Lordship,00AMGN,E05000243,64.6,1.6,6.6,15.9,75.8,40.4,0.5
Hackney - New River,00AMGP,E05000244,58.2,2.5,4.5,12.7,80.3,26.6,0.4
Hackney - Queensbridge,00AMGQ,E05000245,67.7,2.2,7.5,15.9,74.4,44.6,0.4
Hackney - Springfield,00AMGR,E05000246,53.8,2.2,6.4,15.5,75.7,21.9,0.4
Hackney - Stoke Newington Central,00AMGS,E05000247,73.4,2,3.5,26.8,67.6,52.4,0.4
Hackney - Victoria,00AMGT,E05000248,65.6,2,4.7,17.3,76,41.8,0.4
Hackney - Wick,00AMGU,E05000249,60.4,2.8,6.1,21.3,69.6,34.4,0.5
Hammersmith and Fulham - Addison,00ANGA,E05000250,76.2,0.8,1.9,13.8,83.5,57.4,0.5
Hammersmith and Fulham - Askew,00ANGB,E05000251,71.8,1.5,4.1,16.2,78.1,45.1,0.5
Hammersmith and Fulham - Avonmore and Brook Green,00ANGC,E05000252,69.5,0.4,1.6,9,89,54.5,0.5
Hammersmith and Fulham - College Park and Old Oak,00ANGD,E05000253,62.6,4.6,12.8,33.2,49.3,31.9,0.4
Hammersmith and Fulham - Fulham Broadway,00ANGE,E05000254,72.4,1.1,3.1,20.5,75.3,47.7,0.5
Hammersmith and Fulham - Fulham Reach,00ANGF,E05000255,71,1.4,3,30,65.5,51.6,0.5
Hammersmith and Fulham - Hammersmith Broadway,00ANGG,E05000256,69.9,1.2,3.7,18.1,76.6,45.3,0.5
Hammersmith and Fulham - Munster,00ANGH,E05000257,76.7,1,3.3,34.9,60.8,56.9,0.7
Hammersmith and Fulham - North End,00ANGJ,E05000258,72.7,1,1.6,8.2,89.1,52.6,0.4
Hammersmith and Fulham - Palace Riverside,00ANGK,E05000259,74.3,1.2,13.6,18.9,66.2,56.2,0.9
Hammersmith and Fulham - Parsons Green and Walham,00ANGL,E05000260,73.7,1.4,5.9,38,54.6,56.4,0.8
Hammersmith and Fulham - Ravenscourt Park,00ANGM,E05000261,72.2,2.9,12.1,23.6,61.5,55.1,0.6
Hammersmith and Fulham - Sands End,00ANGN,E05000262,69.3,1,2.5,19.4,77.2,47.6,0.6
Hammersmith and Fulham - Shepherd's Bush Green,00ANGP,E05000263,72,1.5,3.6,14.3,80.6,46.5,0.4
Hammersmith and Fulham - Town,00ANGQ,E05000264,76.4,1.2,3.2,22.2,73.5,57.9,0.6
Hammersmith and Fulham - Wormholt and White City,00ANGR,E05000265,62.2,1.9,10,19.3,68.8,32,0.5
Haringey - Alexandra,00APGA,E05000266,76.7,2.9,17.2,30.4,49.5,58.5,1
Haringey - Bounds Green,00APGB,E05000267,69,3.2,11.3,19.6,65.9,37.3,0.6
Haringey - Bruce Grove,00APGC,E05000268,61.8,5.1,7.4,34.4,53.1,27.6,0.5
Haringey - Crouch End,00APGD,E05000269,80.9,2.3,7.8,14.4,75.5,67,0.7
Haringey - Fortis Green,00APGE,E05000270,75.9,5.7,18.4,22.9,53,58.4,0.9
Haringey - Harringay,00APGF,E05000271,71.8,2.3,6.3,25,66.2,46.6,0.5
Haringey - Highgate,00APGG,E05000272,79,6.9,8.6,16.7,67.8,65.7,0.8
Haringey - Hornsey,00APGH,E05000273,72.4,1.4,4.2,23.6,70.8,51.5,0.6
Haringey - Muswell Hill,00APGJ,E05000274,78.4,2.6,14.1,29.8,53.6,62.8,0.9
Haringey - Noel Park,00APGK,E05000275,63.2,5.7,7.8,36.4,50.1,33.8,0.5
Haringey - Northumberland Park,00APGL,E05000276,52.3,4.6,8.2,20.5,66.3,20.2,0.5
Haringey - St. Ann's,00APGM,E05000277,65.6,4.4,6.4,34.5,54.7,35.2,0.5
Haringey - Seven Sisters,00APGN,E05000278,63.7,4.8,7.3,32.2,55.8,29,0.5
Haringey - Stroud Green,00APGP,E05000279,77.3,1.2,4.3,18.4,76.2,60.5,0.6
Haringey - Tottenham Green,00APGQ,E05000280,61.3,4.8,9,26.5,59.6,29.2,0.4
Haringey - Tottenham Hale,00APGR,E05000281,56.3,7,8.8,29.9,54.4,23.1,0.5
Haringey - West Green,00APGS,E05000282,63.3,4.4,7.3,30.7,57.6,30.6,0.5
Haringey - White Hart Lane,00APGT,E05000283,54.8,7.6,20.2,43.4,28.8,20.7,0.6
Haringey - Woodside,00APGU,E05000284,66.6,4.6,10,31,54.4,32.9,0.6
Harrow - Belmont,00AQFY,E05000285,71.8,11.6,76.2,3.5,8.7,36.4,1.5
Harrow - Canons,00AQFZ,E05000286,71.9,22,28.7,4.8,44.5,40.8,1.3
Harrow - Edgware,00AQGA,E05000287,68.6,3.8,58.3,15.8,22.1,29.4,1.1
Harrow - Greenhill,00AQGB,E05000288,71.1,4.7,18.6,11.5,65.1,46,0.8
Harrow - Harrow on the Hill,00AQGC,E05000289,68.2,10.4,18.7,19.5,51.5,41.8,1
Harrow - Harrow Weald,00AQGD,E05000290,69.1,17.3,46.7,14.8,21.1,32.3,1.3
Harrow - Hatch End,00AQGE,E05000291,73.2,31.3,32.6,9.5,26.7,41.8,1.4
Harrow - Headstone North,00AQGF,E05000292,73.8,12.7,63.2,7.2,16.8,43.6,1.4
Harrow - Headstone South,00AQGG,E05000293,71.7,5.4,36.6,20.4,37.5,43,1.1
Harrow - Kenton East,00AQGH,E05000294,68.5,4.3,35.2,42.8,17.6,27.6,1.2
Harrow - Kenton West,00AQGJ,E05000295,71.6,2.8,66.6,19.7,11,34.1,1.4
Harrow - Marlborough,00AQGK,E05000296,68.4,4.8,30.6,20.5,44.1,35.5,0.9
Harrow - Pinner,00AQGL,E05000297,71.8,32.8,20.9,9.5,36.8,44.3,1.3
Harrow - Pinner South,00AQGM,E05000298,75.2,24,46,8.6,21.4,47.5,1.4
Harrow - Queensbury,00AQGN,E05000299,68.1,4.4,59.8,16.8,19,30.5,1.2
Harrow - Rayners Lane,00AQGP,E05000300,71.5,7,37.9,38.6,16.4,37.9,1.3
Harrow - Roxbourne,00AQGQ,E05000301,64.8,3.6,20.7,37.6,38,29.2,1
Harrow - Roxeth,00AQGR,E05000302,68.6,4.4,49.4,25.2,20.9,28.9,1.2
Harrow - Stanmore Park,00AQGS,E05000303,68.6,25.3,25.9,13.9,34.8,35.3,1.4
Harrow - Wealdstone,00AQGT,E05000304,65.1,4.5,28.8,34.7,32.1,27.2,1
Harrow - West Harrow,00AQGU,E05000305,71.5,5.6,48.1,19.9,26.4,40.7,1.1
Havering - Brooklands,00ARGC,E05000306,72.7,4.5,30.7,32.6,32.2,21.3,1
Havering - Cranham,00ARGD,E05000307,75.6,15.2,49.5,21.7,13.6,23.3,1.3
Havering - Elm Park,00ARGE,E05000308,73.4,2.2,38.9,40.9,17.9,16.5,1.1
Havering - Emerson Park,00ARGF,E05000309,74.3,39.7,37.7,11.6,11,24.3,1.6
Havering - Gooshays,00ARGG,E05000310,63,3.7,30,38.3,27.9,13.2,1
Havering - Hacton,00ARGH,E05000311,75.7,4,71.3,13.9,10.8,17.9,1.3
Havering - Harold Wood,00ARGJ,E05000312,72.2,10.2,44.5,23.4,21.9,20.6,1.2
Havering - Havering Park,00ARGK,E05000313,69.1,8.4,46.1,24.9,20.5,15.3,1.3
Havering - Heaton,00ARGL,E05000314,64.3,5.8,24.2,42.6,24.1,13.7,1
Havering - Hylands,00ARGM,E05000315,75.6,13.2,38.4,37.9,10.5,19.2,1.4
Havering - Mawneys,00ARGN,E05000316,73.2,7.7,37.2,37.7,17.5,16.3,1.2
Havering - Pettits,00ARGP,E05000317,74.9,16.2,53.5,19.2,11,19.9,1.4
Havering - Rainham and Wennington,00ARGQ,E05000318,72.4,17.5,37,30.3,15.1,14.9,1.3
Havering - Romford Town,00ARGR,E05000319,74.4,6.2,28.5,19.4,45.9,26.3,0.9
Havering - St. Andrew's,00ARGS,E05000320,76.1,6.7,46.4,17.3,29.5,18.9,1.2
Havering - South Hornchurch,00ARGT,E05000321,70.5,12.1,26.8,36.2,24.7,14,1.2
Havering - Squirrel's Heath,00ARGU,E05000322,77.3,15.3,34.9,19.2,30.5,24.3,1.3
Havering - Upminster,00ARGW,E05000323,76.4,15.2,67.4,5.8,11.5,27.9,1.4
Hillingdon - Barnhill,00ASGG,E05000324,65,4,46.2,23.4,26.4,22.4,1.2
Hillingdon - Botwell,00ASGH,E05000325,64,6.2,45.2,20.6,27.9,21.4,1.1
Hillingdon - Brunel,00ASGJ,E05000326,57.5,17.1,32,21.8,29.2,23.6,1.1
Hillingdon - Cavendish,00ASGK,E05000327,77.6,10.2,54,22.7,13.1,29.9,1.4
Hillingdon - Charville,00ASGL,E05000328,71,4.7,59.5,17.8,18,21.1,1.3
Hillingdon - Eastcote and East Ruislip,00ASGM,E05000329,76.8,36.6,38.7,8.4,16.3,38.1,1.5
Hillingdon - Harefield,00ASGN,E05000330,75.7,15.4,37.9,23.8,22.7,25,1.4
Hillingdon - Heathrow Villages,00ASGP,E05000331,71.7,7,34.1,21.3,37.4,24.2,1.1
Hillingdon - Hillingdon East,00ASGQ,E05000332,72.4,5.9,34.2,45.1,14.7,24.2,1.3
Hillingdon - Ickenham,00ASGR,E05000333,76.6,45.3,40.3,5,9.4,36,1.6
Hillingdon - Manor,00ASGS,E05000334,80.5,9.8,25.8,45.7,18.6,29.6,1.3
Hillingdon - Northwood,00ASGT,E05000335,73.3,29.7,12.1,14.3,43.8,46.4,1.3
Hillingdon - Northwood Hills,00ASGU,E05000336,74.3,26.4,31.1,12.9,29.6,37.1,1.3
Hillingdon - Pinkwell,00ASGW,E05000337,66.8,6,47.5,27.3,19.1,22.8,1.2
Hillingdon - South Ruislip,00ASGX,E05000338,77.5,7.8,38,27.6,26.6,27.3,1.2
Hillingdon - Townfield,00ASGY,E05000339,63.2,4.9,38.8,23.7,32.6,22.2,1
Hillingdon - Uxbridge North,00ASGZ,E05000340,74,30.1,28.5,15.1,26.2,34.9,1.3
Hillingdon - Uxbridge South,00ASHA,E05000341,56.8,7.8,30.3,20.7,40.6,29.9,1
Hillingdon - West Drayton,00ASHB,E05000342,69,9.3,34.1,24.1,31.2,24,1.1
Hillingdon - West Ruislip,00ASHC,E05000343,78.2,24.5,23,19.7,32.8,33.9,1.3
Hillingdon - Yeading,00ASHD,E05000344,66.1,9.2,31.2,29.5,29.9,26,1.1
Hillingdon - Yiewsley,00ASHE,E05000345,68.2,4.3,34.2,24.7,36.5,23.1,1
Hounslow - Bedfont,00ATFY,E05000346,72.2,4.5,41.8,20.4,33.3,20.2,1.1
Hounslow - Brentford,00ATFZ,E05000347,68,2.5,13.7,23.9,59.6,35.3,0.8
Hounslow - Chiswick Homefields,00ATGA,E05000348,76.1,3.4,18.9,25.1,52.3,55.7,0.9
Hounslow - Chiswick Riverside,00ATGB,E05000349,77.4,4.9,18.4,22.2,54.5,56,1
Hounslow - Cranford,00ATGC,E05000350,65.6,6.3,31.6,27.7,34.5,26.2,1
Hounslow - Feltham North,00ATGD,E05000351,71.6,5.5,40,26.4,27.8,21.1,1.1
Hounslow - Feltham West,00ATGE,E05000352,71.8,3.1,25.8,30.9,40.1,25,1
Hounslow - Hanworth,00ATGF,E05000353,66.9,3.8,29,29.4,37.8,19.2,1
Hounslow - Hanworth Park,00ATGG,E05000354,72.9,6.9,34.1,25.5,33.3,22.2,1.1
Hounslow - Heston Central,00ATGH,E05000355,66.6,5.5,49.5,13.7,31.2,32,1.1
Hounslow - Heston East,00ATGJ,E05000356,67.5,7.3,41.7,18.8,32.2,33.4,1.2
Hounslow - Heston West,00ATGK,E05000357,62.2,4.4,35.1,21.2,38.8,24.4,1.1
Hounslow - Hounslow Central,00ATGL,E05000358,71.4,4.9,26.8,17.1,51.1,42.8,0.7
Hounslow - Hounslow Heath,00ATGM,E05000359,67.6,5.8,30.6,22.9,40.4,34.6,0.9
Hounslow - Hounslow South,00ATGN,E05000360,74.1,5.6,54.5,24.5,15.3,32.9,1.3
Hounslow - Hounslow West,00ATGP,E05000361,69.6,6.3,38.7,20.2,34.7,33.5,0.9
Hounslow - Isleworth,00ATGQ,E05000362,70.6,2.5,17.9,28.8,50.7,33.8,0.9
Hounslow - Osterley and Spring Grove,00ATGR,E05000363,75.3,8.8,39.4,9.7,42,45.9,1.2
Hounslow - Syon,00ATGS,E05000364,73,2.5,13.7,25.3,58,38.9,0.9
Hounslow - Turnham Green,00ATGT,E05000365,77,3.1,11.8,21.7,63.4,55.4,0.8
Islington - Barnsbury,00AUFX,E05000366,68.1,1.2,2.9,15.4,80.5,51.5,0.5
Islington - Bunhill,00AUFY,E05000367,59.8,0.3,0.6,1.5,97.6,45.2,0.3
Islington - Caledonian,00AUFZ,E05000368,61.7,1.3,3.1,13.5,81.6,39.1,0.4
Islington - Canonbury,00AUGA,E05000369,69.2,1.2,5.6,10.6,82.5,47.3,0.4
Islington - Clerkenwell,00AUGB,E05000370,62.6,0.8,1,7.7,90.4,47.9,0.4
Islington - Finsbury Park,00AUGC,E05000371,65.4,1.5,2.3,13.5,82.6,41.8,0.3
Islington - Highbury East,00AUGD,E05000372,74.5,1.4,3.3,21.5,73.8,58.8,0.5
Islington - Highbury West,00AUGE,E05000373,74.5,1.1,2.6,17.5,78.9,56.3,0.4
Islington - Hillrise,00AUGF,E05000374,65.7,1.3,3.4,18.8,76.6,43.7,0.5
Islington - Holloway,00AUGG,E05000375,63.9,1.3,3.5,8.7,86.5,43.3,0.4
Islington - Junction,00AUGH,E05000376,68.4,1,3,14.2,81.8,46.9,0.4
Islington - Mildmay,00AUGJ,E05000377,68.6,1.1,2.9,11.5,84.4,48.8,0.4
Islington - St. George's,00AUGK,E05000378,67.8,1,4,12.7,82.3,48.3,0.5
Islington - St. Mary's,00AUGL,E05000379,73,1.1,2.9,15.5,80.5,54.4,0.4
Islington - St. Peter's,00AUGM,E05000380,70.4,0.9,2.5,23.4,73.2,53,0.4
Islington - Tollington,00AUGN,E05000381,68.5,1.5,3.5,16.5,78.5,45.2,0.4
Kensington and Chelsea - Abingdon,00AWFY,E05000382,66.2,1.2,3.4,13,82.4,59.2,0.6
Kensington and Chelsea - Brompton,00AWFZ,E05000383,69.2,1,1.8,13.2,83.9,57.4,0.6
Kensington and Chelsea - Campden,00AWGA,E05000384,71.6,1.9,4,19.6,74.4,62.4,0.7
Kensington and Chelsea - Colville,00AWGB,E05000385,69.9,0.5,1.1,8.2,90.2,48.6,0.4
Kensington and Chelsea - Courtfield,00AWGC,E05000386,64.8,0.8,2.1,9.1,88,58.7,0.5
Kensington and Chelsea - Cremorne,00AWGD,E05000387,63,1,3,10.7,84.2,41.2,0.5
Kensington and Chelsea - Earl's Court,00AWGE,E05000388,68.5,0.9,0.7,4.6,93.8,53.3,0.4
Kensington and Chelsea - Golborne,00AWGF,E05000389,59.3,0.8,1.6,5.8,91.4,32.1,0.4
Kensington and Chelsea - Hans Town,00AWGG,E05000390,69.1,0.8,1.8,13.9,83.5,55.1,0.6
Kensington and Chelsea - Holland,00AWGH,E05000391,66.4,3.5,4.7,13,78.9,58.8,0.7
Kensington and Chelsea - Norland,00AWGJ,E05000392,67.4,1.3,6.6,21.7,70.3,51.2,0.6
Kensington and Chelsea - Notting Barns,00AWGK,E05000393,61.8,1,3.6,11.3,83.8,37.2,0.5
Kensington and Chelsea - Pembridge,00AWGL,E05000394,74.8,2,3.9,11.1,82.9,60.8,0.5
Kensington and Chelsea - Queen's Gate,00AWGM,E05000395,66.3,1.2,4.1,9.4,85.3,61.7,0.6
Kensington and Chelsea - Redcliffe,00AWGN,E05000396,74.3,1.4,3.3,11.3,84,60.5,0.6
Kensington and Chelsea - Royal Hospital,00AWGP,E05000397,72.8,1.1,2.6,19.3,77,56.1,0.8
Kensington and Chelsea - St. Charles,00AWGQ,E05000398,63.4,1.8,3.7,10.8,83.8,35.5,0.5
Kensington and Chelsea - Stanley,00AWGR,E05000399,73,2,6.8,18.8,72.5,56.1,0.7
Kingston upon Thames - Alexandra,00AXFX,E05000400,75.1,9.3,56.3,21.5,12,32.7,1.4
Kingston upon Thames - Berrylands,00AXFY,E05000401,74.8,10.5,25.7,9,54.7,48.4,1
Kingston upon Thames - Beverley,00AXFZ,E05000402,71.6,9.6,33.7,26.3,30.4,41.7,1
Kingston upon Thames - Canbury,00AXGA,E05000403,74.9,14.1,24.5,14.1,47.3,54.4,0.9
Kingston upon Thames - Chessington North and Hook,00AXGB,E05000404,76.4,6.6,46.6,29.5,17.2,22.8,1.3
Kingston upon Thames - Chessington South,00AXGC,E05000405,78.5,11.2,26.4,41.3,20.9,25.3,1.4
Kingston upon Thames - Coombe Hill,00AXGD,E05000406,64.5,29.5,16.8,11.6,42.1,44.5,1.3
Kingston upon Thames - Coombe Vale,00AXGE,E05000407,72.4,16.6,43,19.7,20.6,47.4,1.2
Kingston upon Thames - Grove,00AXGF,E05000408,66.8,6.3,17.9,7.6,68,47,0.8
Kingston upon Thames - Norbiton,00AXGG,E05000409,68.2,6.8,29.7,14.6,48.9,35.8,0.8
Kingston upon Thames - Old Malden,00AXGH,E05000410,74,18.7,45.9,16.9,18.5,34.4,1.4
Kingston upon Thames - St. James,00AXGJ,E05000411,71.9,23.4,40.4,20,16.3,38,1.3
Kingston upon Thames - St. Mark's,00AXGK,E05000412,69.4,4.2,16.5,9.1,70,48.3,0.9
Kingston upon Thames - Surbiton Hill,00AXGL,E05000413,78.2,16.2,18.8,7.3,57.7,52.2,1
Kingston upon Thames - Tolworth and Hook Rise,00AXGM,E05000414,76.2,6.4,46.8,24.5,22,30,1.2
Kingston upon Thames - Tudor,00AXGN,E05000415,76.9,17.1,33.9,24,25,51.3,1.2
Lambeth - Bishop's,00AYFZ,E05000416,66.2,0.5,1.6,8.6,89.2,47.2,0.4
Lambeth - Brixton Hill,00AYGA,E05000417,75.3,1.6,4.5,19.5,74.4,49.6,0.5
Lambeth - Clapham Common,00AYGB,E05000418,80.3,1.6,8.7,21.2,68.4,63.3,0.7
Lambeth - Clapham Town,00AYGC,E05000419,80,1.6,4.8,18.8,74.8,59.7,0.5
Lambeth - Coldharbour,00AYGD,E05000420,64.9,2.4,5.2,12.8,79.6,36.8,0.4
Lambeth - Ferndale,00AYGE,E05000421,77,1.6,3.3,15.8,79.3,52.9,0.4
Lambeth - Gipsy Hill,00AYGF,E05000422,69.7,2.7,15,20.4,61.9,39.3,0.6
Lambeth - Herne Hill,00AYGG,E05000423,75.3,2.8,9.3,20.6,67.2,52,0.5
Lambeth - Knight's Hill,00AYGH,E05000424,68.8,3.5,20.2,19,57.2,38.2,0.6
Lambeth - Larkhall,00AYGJ,E05000425,73.5,1.7,3.5,11.1,83.7,48.5,0.4
Lambeth - Oval,00AYGK,E05000426,74.3,0.8,1.8,10.1,87.3,51.6,0.4
Lambeth - Prince's,00AYGL,E05000427,71.1,0.7,1.7,12.1,85.5,46.5,0.4
Lambeth - St. Leonard's,00AYGM,E05000428,75.6,5.7,10.9,13.3,70,46.3,0.6
Lambeth - Stockwell,00AYGN,E05000429,71.2,1.6,3.3,8.5,86.5,41,0.4
Lambeth - Streatham Hill,00AYGP,E05000430,74.6,2.7,15.3,11,71,46.4,0.6
Lambeth - Streatham South,00AYGQ,E05000431,70.4,5.7,19.8,40.2,34.4,34.8,0.8
Lambeth - Streatham Wells,00AYGR,E05000432,74.2,4,14.5,11.6,69.9,42.6,0.6
Lambeth - Thornton,00AYGS,E05000433,74.3,2.9,5.9,19.1,72,47.8,0.6
Lambeth - Thurlow Park,00AYGT,E05000434,74,3.2,13.6,22.9,60.2,50.3,0.7
Lambeth - Tulse Hill,00AYGU,E05000435,70.5,1.5,6.1,16.9,75.4,42.7,0.5
Lambeth - Vassall,00AYGW,E05000436,67.6,2.7,6.1,14,77.2,41.3,0.4
Lewisham - Bellingham,00AZGD,E05000437,64.9,2.9,21.3,31.9,43.9,23.5,0.7
Lewisham - Blackheath,00AZGE,E05000438,74.1,4.3,8.6,17.1,69.9,53.2,0.7
Lewisham - Brockley,00AZGF,E05000439,71.3,2,6.4,19.7,71.9,47.3,0.5
Lewisham - Catford South,00AZGG,E05000440,70.2,2.8,25.4,41.3,30.4,34.2,0.9
Lewisham - Crofton Park,00AZGH,E05000441,73.9,3.2,13.3,40.4,43.1,45.1,0.7
Lewisham - Downham,00AZGJ,E05000442,63.6,3.7,17.7,55.6,23,20.2,0.7
Lewisham - Evelyn,00AZGK,E05000443,63.7,2,5,13.4,79.7,33.5,0.4
Lewisham - Forest Hill,00AZGL,E05000444,73.6,5.9,14.3,14.4,65.3,46.4,0.7
Lewisham - Grove Park,00AZGM,E05000445,69.3,4.2,25.7,32.8,37.3,29.2,0.9
Lewisham - Ladywell,00AZGN,E05000446,70.5,2.5,14.6,35,47.9,44.5,0.7
Lewisham - Lee Green,00AZGP,E05000447,75.1,3.9,13.7,34.1,48.2,46.1,0.7
Lewisham - Lewisham Central,00AZGQ,E05000448,69.6,2.2,7.3,20.9,69.6,42,0.5
Lewisham - New Cross,00AZGR,E05000449,64.6,2.3,5.6,18.9,73.1,34.7,0.5
Lewisham - Perry Vale,00AZGS,E05000450,72.9,3.7,11.7,28.3,56.3,41.5,0.7
Lewisham - Rushey Green,00AZGT,E05000451,66.2,3.3,10.8,28.1,57.8,32.9,0.6
Lewisham - Sydenham,00AZGU,E05000452,69.1,2.9,10.9,23.5,62.6,36.6,0.7
Lewisham - Telegraph Hill,00AZGW,E05000453,70.6,2.4,8.6,22.8,66.1,43.7,0.6
Lewisham - Whitefoot,00AZGX,E05000454,64.8,5.4,23.2,40,31.1,22.7,0.8
Merton - Abbey,00BAFX,E05000455,80.3,2,8.6,38.2,51.1,55.4,0.7
Merton - Cannon Hill,00BAFY,E05000456,75.9,2,31.9,51.6,14.4,35.2,1.2
Merton - Colliers Wood,00BAFZ,E05000457,76.7,3,15.2,26.3,55.5,43.1,0.7
Merton - Cricket Green,00BAGA,E05000458,65.7,4.2,14.3,34.3,47.1,23.3,0.7
Merton - Dundonald,00BAGB,E05000459,83.2,2.8,17,45.3,34.8,60.7,0.8
Merton - Figge's Marsh,00BAGC,E05000460,66.3,3,13.2,34.4,49.4,25.3,0.8
Merton - Graveney,00BAGD,E05000461,71.6,6.2,11.7,54.2,27.8,32.1,0.9
Merton - Hillside,00BAGE,E05000462,79.8,7.2,12.6,10.6,69.5,64.6,0.8
Merton - Lavender Fields,00BAGF,E05000463,72.6,4.2,17.2,37.4,41.2,32.6,0.8
Merton - Longthornton,00BAGG,E05000464,69.9,3.8,17.8,57.2,21.2,27.5,1
Merton - Lower Morden,00BAGH,E05000465,78.1,1.5,21.9,56.7,19.9,24.5,1.3
Merton - Merton Park,00BAGJ,E05000466,75.2,6.4,31.7,32.6,29.4,50.1,1
Merton - Pollards Hill,00BAGK,E05000467,67.8,4.3,21.2,52.8,21.7,23.4,1
Merton - Ravensbury,00BAGL,E05000468,69,7.2,23.3,39.9,29.7,25.1,0.9
Merton - Raynes Park,00BAGM,E05000469,77.6,10.2,24,16,49.8,54.3,1
Merton - St. Helier,00BAGN,E05000470,69.4,3.2,18.8,52.8,25.1,23.4,0.9
Merton - Trinity,00BAGP,E05000471,80.7,2,13.5,32.9,51.6,59.6,0.8
Merton - Village,00BAGQ,E05000472,71.3,36,15.2,15.3,33.5,62.3,1.4
Merton - West Barnes,00BAGR,E05000473,76.5,4,25.8,51.1,19.1,41.9,1.1
Merton - Wimbledon Park,00BAGS,E05000474,78.4,5.3,14.8,40.6,39,59.6,1
Newham - Beckton,00BBGB,E05000475,60.3,8.2,19.9,31.7,40.1,27.9,0.7
Newham - Boleyn,00BBGC,E05000476,58.2,7.9,9.8,47.4,34.8,28.8,0.6
Newham - Canning Town North,00BBGD,E05000477,59.5,5.1,10.6,28,56.2,23.9,0.5
Newham - Canning Town South,00BBGE,E05000478,64.4,3.7,7,20,69.2,33.3,0.5
Newham - Custom House,00BBGF,E05000479,62.8,9.2,16.9,35.7,38.1,24.2,0.7
Newham - East Ham Central,00BBGG,E05000480,58,8.6,9.8,49.5,32,32.6,0.6
Newham - East Ham North,00BBGH,E05000481,56.3,8.7,10.9,48.1,32.3,31.1,0.7
Newham - East Ham South,00BBGJ,E05000482,59,8,12.1,44.5,35.5,24.1,0.7
Newham - Forest Gate North,00BBGK,E05000483,64.7,5.5,11.2,38.1,45.1,33,0.6
Newham - Forest Gate South,00BBGL,E05000484,62.1,5.9,11.3,24.9,57.8,32.7,0.6
Newham - Green Street East,00BBGM,E05000485,55.4,10.2,10.2,45.9,33.6,30,0.6
Newham - Green Street West,00BBGN,E05000486,54.3,9.2,10.3,44.2,36.2,29.8,0.7
Newham - Little Ilford,00BBGP,E05000487,53,7.3,8.8,36.8,47,24.6,0.6
Newham - Manor Park,00BBGQ,E05000488,55.8,7.3,9.2,39.7,43.7,30.2,0.7
Newham - Plaistow North,00BBGR,E05000489,58.4,5.7,10.5,31.7,52.1,26.8,0.5
Newham - Plaistow South,00BBGS,E05000490,61.8,7.6,12,51.4,29,26.2,0.6
Newham - Royal Docks,00BBGT,E05000491,71.9,2.2,5.5,16.8,75.4,42.7,0.7
Newham - Stratford and New Town,00BBGU,E05000492,68.9,3.4,5.8,21,69.6,40.6,0.4
Newham - Wall End,00BBGW,E05000493,57.1,10.4,13.8,49.4,26.5,29.6,0.7
Newham - West Ham,00BBGX,E05000494,63.1,5.5,8.1,35.7,50.7,29.8,0.5
Redbridge - Aldborough,00BCFY,E05000495,67.4,4.9,25.1,43.5,26.6,32,1.1
Redbridge - Barkingside,00BCFZ,E05000496,67.3,4.2,31.5,40.2,24.1,35.2,1.2
Redbridge - Bridge,00BCGA,E05000497,73.2,4.3,32.5,38.1,25.1,29.9,1.1
Redbridge - Chadwell,00BCGB,E05000498,68.4,3.8,25.9,38.7,31.6,28.5,1
Redbridge - Church End,00BCGC,E05000499,79.3,4.6,26.8,15.7,52.9,46.3,1.1
Redbridge - Clayhall,00BCGD,E05000500,67.8,7.2,48.7,30.4,13.6,34,1.4
Redbridge - Clementswood,00BCGE,E05000501,56.5,7.7,12.4,45,34.9,32.4,0.8
Redbridge - Cranbrook,00BCGF,E05000502,62.8,3.5,27.8,39.7,28.9,37.2,1.2
Redbridge - Fairlop,00BCGG,E05000503,70.8,7.4,28.8,37.7,26.2,25.5,1.2
Redbridge - Fullwell,00BCGH,E05000504,66.7,7.6,43.7,21.9,26.8,26.5,1.2
Redbridge - Goodmayes,00BCGJ,E05000505,61,6.3,22.1,42.2,29.3,31.4,1
Redbridge - Hainault,00BCGK,E05000506,65.1,4.2,34.8,38.7,22,20.4,1
Redbridge - Loxford,00BCGL,E05000507,53.5,8.9,12.2,42.8,36,31.1,0.7
Redbridge - Mayfield,00BCGM,E05000508,63.5,10.8,26.6,47.3,15.3,29.9,1.2
Redbridge - Monkhams,00BCGN,E05000509,76.2,28.4,27.3,11.9,32.1,41.6,1.4
Redbridge - Newbury,00BCGP,E05000510,63.2,4.5,17.8,48.2,29.3,33.4,1.1
Redbridge - Roding,00BCGQ,E05000511,73.8,2.8,31.1,27.2,38.9,37,1.1
Redbridge - Seven Kings,00BCGR,E05000512,60.1,6.1,20.4,42.9,30.5,31.7,1
Redbridge - Snaresbrook,00BCGS,E05000513,78.1,7.3,19.8,16.5,56.3,50.1,1
Redbridge - Valentines,00BCGT,E05000514,60.6,4.7,13.1,31.6,50.5,36.9,0.8
Redbridge - Wanstead,00BCGU,E05000515,74.5,6.2,31.6,30.4,31.6,45.3,1.1
Richmond upon Thames - Barnes,00BDFW,E05000516,72.3,6.6,27.1,22.9,43.4,57.5,1
Richmond upon Thames - East Sheen,00BDFX,E05000517,78.2,11.5,27.2,31.3,29.9,61.6,1.1
Richmond upon Thames - Fulwell and Hampton Hill,00BDFY,E05000518,79.6,10,24.9,31.4,33.6,52.8,1.1
"Richmond upon Thames - Ham, Petersham & Richmond Riverside",00BDFZ,E05000519,73.4,10.4,15.3,30.5,43.8,46,1
Richmond upon Thames - Hampton,00BDGA,E05000520,77.2,18,29.2,23.2,27.7,47.2,1.2
Richmond upon Thames - Hampton North,00BDGB,E05000521,73.5,15.9,25.8,30.8,27.4,36.3,1.2
Richmond upon Thames - Hampton Wick,00BDGC,E05000522,73.1,11.5,17.3,17.6,53.1,53.6,1.1
Richmond upon Thames - Heathfield,00BDGD,E05000523,70.8,7.5,56.4,10.7,25.5,29.8,1.2
Richmond upon Thames - Kew,00BDGE,E05000524,77.1,8.5,20.1,24.3,46.9,62,1
Richmond upon Thames - Mortlake and Barnes Common,00BDGF,E05000525,77.9,3.5,11,35.7,49.8,57.6,0.9
Richmond upon Thames - North Richmond,00BDGG,E05000526,78.4,3.1,22.7,32.3,41.9,59,0.9
Richmond upon Thames - St. Margarets & North Twickenham,00BDGH,E05000527,80.8,9.4,23.7,25.8,40.6,62.6,1.1
Richmond upon Thames - South Richmond,00BDGJ,E05000528,76,7.5,12.2,21,59.4,63.6,0.9
Richmond upon Thames - South Twickenham,00BDGK,E05000529,76.8,6.3,24.3,35.8,32.8,55.3,1.1
Richmond upon Thames - Teddington,00BDGL,E05000530,79.9,7.2,20.5,26.3,46.1,58.5,1.1
Richmond upon Thames - Twickenham Riverside,00BDGM,E05000531,80.7,4.6,14,20.6,60.2,63.8,0.9
Richmond upon Thames - West Twickenham,00BDGN,E05000532,79.5,3.4,30.3,41.2,25.1,45.1,1.1
Richmond upon Thames - Whitton,00BDGP,E05000533,76.5,8.1,46,23.7,22.3,36.9,1.2
Southwark - Brunswick Park,00BEGC,E05000534,66.8,1.8,4.8,19.3,74.1,41.5,0.5
Southwark - Camberwell Green,00BEGD,E05000535,64.6,1.1,2.3,6.9,89.6,34.3,0.4
Southwark - Cathedrals,00BEGE,E05000536,62.9,1,1.9,8.3,88.9,45.8,0.4
Southwark - Chaucer,00BEGF,E05000537,66.4,0.5,0.9,3,95.6,48.8,0.4
Southwark - College,00BEGG,E05000538,71.1,10,10.7,12.7,66.6,48.7,0.8
Southwark - East Dulwich,00BEGH,E05000539,79.2,2.2,13.3,35.5,48.9,56.5,0.7
Southwark - East Walworth,00BEGJ,E05000540,62.5,1.6,3.2,12.2,82.9,32.4,0.4
Southwark - Faraday,00BEGK,E05000541,62.3,0.8,1.8,8.4,89.1,28.6,0.4
Southwark - Grange,00BEGL,E05000542,69.1,0.7,1.7,6.6,90.8,46.3,0.4
Southwark - Livesey,00BEGM,E05000543,60.3,2.5,4.7,15.2,77.3,27.9,0.4
Southwark - Newington,00BEGN,E05000544,66.3,0.9,2.8,12.9,83.3,37.5,0.4
Southwark - Nunhead,00BEGP,E05000545,65,3.2,7.1,30.9,58.6,34.8,0.5
Southwark - Peckham,00BEGQ,E05000546,61.2,2.6,6.7,18,72.6,30.6,0.5
Southwark - Peckham Rye,00BEGR,E05000547,74.9,2.3,13.6,23.3,60.7,49.7,0.7
Southwark - Riverside,00BEGS,E05000548,74.9,0.5,1.2,5.2,92.7,54.9,0.5
Southwark - Rotherhithe,00BEGT,E05000549,69.3,1.3,4.5,13.6,80.6,43,0.5
Southwark - South Bermondsey,00BEGU,E05000550,64.8,1.9,4.9,16.4,76.8,30.9,0.5
Southwark - South Camberwell,00BEGW,E05000551,70.7,2.2,10.9,16.6,70.3,49,0.6
Southwark - Surrey Docks,00BEGX,E05000552,77.7,1.6,7.6,20.8,68.8,56,0.6
Southwark - The Lane,00BEGY,E05000553,68.9,2.8,8.6,26,62.7,42,0.5
Southwark - Village,00BEGZ,E05000554,77.2,6.5,29.4,31.5,32.5,63.7,1
Sutton - Beddington North,00BFGC,E05000555,77.2,7,42.7,35.2,15.1,25.1,1.3
Sutton - Beddington South,00BFGD,E05000556,69.1,24.4,23.7,22.1,29.8,26.7,1.3
Sutton - Belmont,00BFGE,E05000557,76.2,22.6,18.1,14.6,44.7,40.4,1.2
Sutton - Carshalton Central,00BFGF,E05000558,78.6,12.4,40.1,16.9,30.6,35.7,1.2
Sutton - Carshalton South and Clockhouse,00BFGG,E05000559,76.5,25.5,44.1,11.6,18.6,34.8,1.5
Sutton - Cheam,00BFGH,E05000560,76.4,38.2,23,18.6,20.2,38.6,1.5
Sutton - Nonsuch,00BFGJ,E05000561,79.1,9.1,44.4,27.5,18.9,27.1,1.4
Sutton - St. Helier,00BFGK,E05000562,69.6,3.5,14.3,59.8,22.4,17.7,1
Sutton - Stonecot,00BFGL,E05000563,77.9,2.9,50.1,35.3,11.8,22.5,1.4
Sutton - Sutton Central,00BFGM,E05000564,75.6,2.4,14,23.2,60.3,31.2,0.8
Sutton - Sutton North,00BFGN,E05000565,75.6,6.6,36.9,28.3,28.1,25.7,1.1
Sutton - Sutton South,00BFGP,E05000566,78.1,7.7,7.8,7,77.5,41.6,0.9
Sutton - Sutton West,00BFGQ,E05000567,79.3,8.5,23.8,15.9,51.9,38.6,1.1
Sutton - The Wrythe,00BFGR,E05000568,77.5,2.3,33.1,30.7,34,23.2,1.1
Sutton - Wallington North,00BFGS,E05000569,76.8,4.5,34.3,18.4,42.7,30.3,1.1
Sutton - Wallington South,00BFGT,E05000570,74.2,11.9,20.8,13.2,54.2,32,1.1
Sutton - Wandle Valley,00BFGU,E05000571,72,3.6,14,48.8,33.7,21.5,1
Sutton - Worcester Park,00BFGW,E05000572,78.9,7.1,35.8,35.5,21.5,30.8,1.2
Tower Hamlets - Bethnal Green North,00BGFW,E05000573,64.6,0.9,1.8,7.6,89.6,40.2,0.4
Tower Hamlets - Bethnal Green South,00BGFX,E05000574,55.9,1,2,7.9,89,35.5,0.3
Tower Hamlets - Blackwall and Cubitt Town,00BGFY,E05000575,70.8,0.8,3,7.9,88,50.8,0.5
Tower Hamlets - Bow East,00BGFZ,E05000576,68.9,1.6,2.9,13.8,81.8,42,0.4
Tower Hamlets - Bow West,00BGGA,E05000577,66.3,1.2,3.2,27.2,68.2,43.6,0.5
Tower Hamlets - Bromley-by-Bow,00BGGB,E05000578,55.1,1.1,2.8,7.8,88.2,27.9,0.4
Tower Hamlets - East India and Lansbury,00BGGC,E05000579,52.9,2.3,3,11.4,83.3,23.4,0.4
Tower Hamlets - Limehouse,00BGGD,E05000580,64,1,1.7,6.3,91,37.4,0.5
Tower Hamlets - Mile End and Globe Town,00BGGE,E05000581,55.4,1.1,1.8,11.9,85.2,34.2,0.4
Tower Hamlets - Mile End East,00BGGF,E05000582,56.1,1.2,2.2,9.8,86.7,31.9,0.4
Tower Hamlets - Millwall,00BGGG,E05000583,73.6,1.2,3,8.9,86.9,57.2,0.5
Tower Hamlets - St. Dunstan's and Stepney Green,00BGGH,E05000584,55.4,2.5,4.2,18.3,74.9,29.9,0.4
Tower Hamlets - St. Katherine's and Wapping,00BGGJ,E05000585,76.5,0.7,2,9.4,87.5,57.8,0.6
Tower Hamlets - Shadwell,00BGGK,E05000586,60.7,1.2,1.9,5.1,91.8,37.7,0.4
Tower Hamlets - Spitalfields and Banglatown,00BGGL,E05000587,60.9,1,2.4,9.4,87.2,44.4,0.3
Tower Hamlets - Weavers,00BGGM,E05000588,67,0.7,1.2,11.2,86.9,43.9,0.3
Tower Hamlets - Whitechapel,00BGGN,E05000589,65,0.8,2,6.7,90.5,45,0.3
Waltham Forest - Cann Hall,00BHFX,E05000590,63.8,5.1,9.3,48,37.4,30.5,0.6
Waltham Forest - Cathall,00BHFY,E05000591,62.7,6,10.9,40.4,42.6,28.6,0.5
Waltham Forest - Chapel End,00BHFZ,E05000592,68.9,4.9,11.9,55,28.3,29.3,0.9
Waltham Forest - Chingford Green,00BHGA,E05000593,73.4,6.3,38.6,21,34.2,27.1,1.1
Waltham Forest - Endlebury,00BHGB,E05000594,70.4,5,51.3,17.1,26.5,24.7,1.3
Waltham Forest - Forest,00BHGC,E05000595,65.2,4.1,14.1,42.2,39.6,33.3,0.8
Waltham Forest - Grove Green,00BHGD,E05000596,70.3,4.4,7.8,39.8,47.8,34.8,0.6
Waltham Forest - Hale End and Highams Park,00BHGE,E05000597,71.1,4.2,24.3,46.2,25.3,28.9,1.1
Waltham Forest - Hatch Lane,00BHGF,E05000598,69.9,4.8,37.4,27.5,30.4,24.1,1.1
Waltham Forest - High Street,00BHGG,E05000599,69.4,3,6.9,32.1,58,35.7,0.6
Waltham Forest - Higham Hill,00BHGH,E05000600,62.6,5.4,15.9,44.3,34.3,24.7,0.7
Waltham Forest - Hoe Street,00BHGJ,E05000601,66.1,3.2,9.7,25.1,61.9,36.4,0.6
Waltham Forest - Larkswood,00BHGK,E05000602,69.6,3.4,26.9,44.3,25.4,21.6,1.1
Waltham Forest - Lea Bridge,00BHGL,E05000603,62.8,5.5,11.2,33.8,49.5,26.6,0.6
Waltham Forest - Leyton,00BHGM,E05000604,61.5,5.1,10.4,29.5,54.9,28.5,0.6
Waltham Forest - Leytonstone,00BHGN,E05000605,70.3,3.5,11.6,30.2,54.7,40.8,0.7
Waltham Forest - Markhouse,00BHGP,E05000606,64.2,6.4,10.7,46.3,36.6,30.9,0.6
Waltham Forest - Valley,00BHGQ,E05000607,68.1,5.1,21.3,48.9,24.6,20.2,1.1
Waltham Forest - William Morris,00BHGR,E05000608,68.1,5,9.3,43,42.6,33.6,0.6
Waltham Forest - Wood Street,00BHGS,E05000609,66.2,3,12.9,30,54.1,33,0.7
Wandsworth - Balham,00BJFZ,E05000610,83,1.7,10,30.6,57.7,67.6,0.7
Wandsworth - Bedford,00BJGA,E05000611,80,1.6,6.4,20.2,71.8,61.1,0.7
Wandsworth - Earlsfield,00BJGB,E05000612,79,1.7,4.9,30.1,63.2,53.8,0.7
Wandsworth - East Putney,00BJGC,E05000613,81.7,4,7.8,12.2,76.1,62.9,0.7
Wandsworth - Fairfield,00BJGD,E05000614,83.9,1.3,5.9,20.9,71.9,62.8,0.7
Wandsworth - Furzedown,00BJGE,E05000615,70.6,3.3,12.7,33.5,50.6,41,0.7
Wandsworth - Graveney,00BJGF,E05000616,72.6,3,8.3,38.3,50.4,44.9,0.6
Wandsworth - Latchmere,00BJGG,E05000617,70.6,0.9,3.2,14.8,81.1,40.7,0.4
Wandsworth - Nightingale,00BJGH,E05000618,81.3,2.4,10.5,24.6,62.4,63,0.7
Wandsworth - Northcote,00BJGJ,E05000619,83.9,1.5,7.1,34,57.5,68.7,0.8
Wandsworth - Queenstown,00BJGK,E05000620,75.4,0.7,1.6,8.2,89.3,50,0.5
Wandsworth - Roehampton,00BJGL,E05000621,59.8,4.5,3.7,11.1,80.6,27.3,0.6
Wandsworth - St. Mary's Park,00BJGM,E05000622,77.4,0.8,3.8,9,86.2,52.1,0.7
Wandsworth - Shaftesbury,00BJGN,E05000623,83,1.3,3.9,40.6,54.2,61.7,0.6
Wandsworth - Southfields,00BJGP,E05000624,80.9,1.3,5.8,37.4,55.6,57.6,0.7
Wandsworth - Thamesfield,00BJGQ,E05000625,83.4,2.2,9.8,27.3,60.4,68.6,0.8
Wandsworth - Tooting,00BJGR,E05000626,67.7,3.5,9.6,39.1,47.8,42.5,0.6
Wandsworth - Wandsworth Common,00BJGS,E05000627,71,3.5,16.6,29.8,50.1,53.9,1
Wandsworth - West Hill,00BJGT,E05000628,73.1,4.3,9,12.2,74.4,45.1,0.8
Wandsworth - West Putney,00BJGU,E05000629,72.6,7.2,10.9,21.1,60.8,48.7,0.8
Westminster - Abbey Road,00BKGA,E05000630,67.9,5.7,7.9,7.9,78.4,56.6,0.7
Westminster - Bayswater,00BKGB,E05000631,73.9,1,2.1,8.7,88.2,61.3,0.4
Westminster - Bryanston and Dorset Square,00BKGC,E05000632,66.6,0.4,0.8,7.9,90.9,58,0.4
Westminster - Churchill,00BKGD,E05000633,63.4,0.4,0.8,7.2,91.6,38.4,0.4
Westminster - Church Street,00BKGE,E05000634,48.7,0.7,1,3.4,94.9,26.4,0.3
Westminster - Harrow Road,00BKGF,E05000635,63.4,1.4,2.4,9.1,87,39.5,0.4
Westminster - Hyde Park,00BKGG,E05000636,62.4,0.8,1.3,9.3,88.6,54.7,0.5
Westminster - Knightsbridge and Belgravia,00BKGH,E05000637,56.5,1.5,4.3,24.6,69.5,47.8,0.9
Westminster - Lancaster Gate,00BKGJ,E05000638,71.2,0.7,1.4,6.3,91.6,60.8,0.4
Westminster - Little Venice,00BKGK,E05000639,69.4,1,2.9,5.5,90.3,56.5,0.6
Westminster - Maida Vale,00BKGL,E05000640,70.4,1,1.6,3.6,93.8,52.2,0.5
Westminster - Marylebone High Street,00BKGM,E05000641,71.4,0.6,1,6.1,92.3,61.5,0.5
Westminster - Queen's Park,00BKGN,E05000642,59,3.5,5.1,29.1,62.4,30.3,0.4
Westminster - Regent's Park,00BKGP,E05000643,62.4,1.8,1.7,3.5,93,52.2,0.6
Westminster - St. James's,00BKGQ,E05000644,67.7,0.7,0.5,4,94.8,49.9,0.4
Westminster - Tachbrook,00BKGR,E05000645,75.2,0.4,0.3,4.4,94.9,55.1,0.4
Westminster - Vincent Square,00BKGS,E05000646,69,0.3,0.2,2.1,97.4,53.1,0.4
Westminster - Warwick,00BKGT,E05000647,73.8,0.6,0.7,8,90.7,58.5,0.5
Westminster - Westbourne,00BKGU,E05000648,59,0.5,0.7,2.4,96.4,35.7,0.4
Westminster - West End,00BKGW,E05000649,71.3,0.5,0.8,4.9,93.7,54.6,0.4
City of London,00AA,E09000001,79.6,0.4,0.2,1.4,98,68.4,0.4
Barking and Dagenham,00AB,E09000002,62.6,4,19.5,46.3,30.2,20.9,0.8
Barnet,00AC,E09000003,70,11,29.7,16.2,42.9,40.3,1.1
Bexley,00AD,E09000004,72.9,7.2,44.2,24.8,23.8,21.8,1.2
Brent,00AE,E09000005,66.7,6.5,23.9,16.9,52.7,33.3,0.8
Bromley,00AF,E09000006,74.4,18.4,29.9,21.6,30,33.1,1.2
Camden,00AG,E09000007,65.3,1.9,4.1,8.8,85.2,50.5,0.5
Croydon,00AH,E09000008,70.3,12.5,25.1,26.1,36.3,31.8,1
Ealing,00AJ,E09000009,69.1,5.4,22.7,26.2,45.5,37,0.9
Enfield,00AK,E09000010,65.7,7,23.5,31.1,38.4,28.7,1
Greenwich,00AL,E09000011,66.8,4.2,18.5,30.9,46.4,33.2,0.8
Hackney,00AM,E09000012,65.8,1.8,4.2,15.3,78.6,41.8,0.4
Hammersmith and Fulham,00AN,E09000013,71.4,1.4,4.9,20.6,73,49.6,0.5
Haringey,00AP,E09000014,67.5,4.3,9.5,27.2,59,40.8,0.6
Harrow,00AQ,E09000015,70,11.8,39,18.5,30.7,36.8,1.2
Havering,00AR,E09000016,72.8,10.9,40.7,26.4,21.8,19.4,1.2
Hillingdon,00AS,E09000017,69.9,14.5,36,22.5,26.8,28,1.2
Hounslow,00AT,E09000018,70.8,4.7,29.3,22.9,42.9,34.6,1
Islington,00AU,E09000019,67.5,1.1,2.9,13.6,82.3,48.1,0.4
Kensington and Chelsea,00AW,E09000020,67.7,1.3,3.2,12.4,83,52.7,0.6
Kingston upon Thames,00AX,E09000021,72.9,12.7,31.4,17.9,38,41.4,1.1
Lambeth,00AY,E09000022,72.9,2.4,8.2,16.3,73.2,46.6,0.5
Lewisham,00AZ,E09000023,69.4,3.3,13.1,28.2,55.4,38,0.7
Merton,00BA,E09000024,74.3,5.8,18.1,38.3,37.6,41.1,0.9
Newham,00BB,E09000025,60.3,6.7,10.6,36,46.7,30.1,0.6
Redbridge,00BC,E09000026,66.5,6.8,26.4,34.7,32,33.9,1.1
Richmond upon Thames,00BD,E09000027,76.8,8.4,24.1,26.9,40.5,53,1.1
Southwark,00BE,E09000028,68.3,2.1,6.4,15.9,75.5,43.1,0.5
Sutton,00BF,E09000029,76,10.7,28.1,25.7,35.4,30.1,1.2
Tower Hamlets,00BG,E09000030,63.6,1.2,2.5,10.4,85.9,41,0.4
Waltham Forest,00BH,E09000031,67,4.6,16.9,37.2,41.2,30,0.8
Wandsworth,00BJ,E09000032,76.6,2.5,7.4,24.2,65.9,53.6,0.7
Westminster,00BK,E09000033,66.1,1.1,1.8,7.8,89.2,50.3,0.5
London,H,E12000007,69.2,6.2,18.6,22.9,52.2,37.7,0.8
England,921,E92000001,71.2,22.6,30.7,24.7,21.6,27.2,1.1